{"cameraMode":{"drawMode":0,"name":"Shaded","section":"Shading Mode"},"sceneLighting":true,"audioPlay":false,"sceneViewState":{"showFog":true,"showMaterialUpdate":false,"showSkybox":true,"showFlares":true,"showImageEffects":true,"showParticleSystems":true},"in2DMode":false,"pivot":{"x":5.0566301345825199,"y":5.006793975830078,"z":-2.276419162750244},"rotation":{"x":-0.12189198285341263,"y":0.8505059480667114,"z":-0.2257976084947586,"w":-0.45912691950798037},"size":11.156198501586914,"orthographic":true}