{"cameraMode":{"drawMode":0,"name":"Shaded","section":"Shading Mode"},"sceneLighting":true,"audioPlay":false,"sceneViewState":{"showFog":true,"showMaterialUpdate":false,"showSkybox":true,"showFlares":true,"showImageEffects":true,"showParticleSystems":true},"in2DMode":false,"pivot":{"x":-4.886702060699463,"y":2.7785098552703859,"z":0.6410766839981079},"rotation":{"x":0.2294725924730301,"y":-0.7247045636177063,"z":0.2847594916820526,"w":0.584001362323761},"size":42.96941375732422,"orthographic":true}