{"cameraMode":{"drawMode":0,"name":"Shaded","section":"Shading Mode"},"sceneLighting":false,"audioPlay":false,"sceneViewState":{"showFog":true,"showMaterialUpdate":false,"showSkybox":false,"showFlares":true,"showImageEffects":true,"showParticleSystems":true},"in2DMode":false,"pivot":{"x":3.543999671936035,"y":1.0074286460876465,"z":0.11034800112247467},"rotation":{"x":-0.11008184403181076,"y":-0.16674542427062989,"z":0.018736563622951509,"w":-0.9796565771102905},"size":6.725543022155762,"orthographic":true}