{"cameraMode":{"drawMode":0,"name":"Shaded","section":"Shading Mode"},"sceneLighting":true,"audioPlay":false,"sceneViewState":{"showFog":true,"showMaterialUpdate":false,"showSkybox":true,"showFlares":true,"showImageEffects":true,"showParticleSystems":true},"in2DMode":false,"pivot":{"x":-0.5772824287414551,"y":0.08333331346511841,"z":-0.49137258529663088},"rotation":{"x":0.061699483543634418,"y":-0.9375048875808716,"z":0.2213883250951767,"w":0.26127588748931887},"size":7.151818752288818,"orthographic":true}