{"cameraMode":{"drawMode":0,"name":"Shaded","section":"Shading Mode"},"sceneLighting":true,"audioPlay":false,"sceneViewState":{"showFog":true,"showMaterialUpdate":false,"showSkybox":true,"showFlares":true,"showImageEffects":true,"showParticleSystems":true},"in2DMode":false,"pivot":{"x":3.38177490234375,"y":1.708709716796875,"z":0.091796875},"rotation":{"x":0.030568091198801996,"y":-0.8587722182273865,"z":0.051587458699941638,"w":0.5088365077972412},"size":3.1203415393829347,"orthographic":true}