{"cameraMode":{"drawMode":0,"name":"Shaded","section":"Shading Mode"},"sceneLighting":false,"audioPlay":false,"sceneViewState":{"showFog":true,"showMaterialUpdate":false,"showSkybox":false,"showFlares":true,"showImageEffects":true,"showParticleSystems":true},"in2DMode":false,"pivot":{"x":7.169414520263672,"y":-0.16748452186584474,"z":-9.619375228881836},"rotation":{"x":0.04695279523730278,"y":-0.6440663933753967,"z":0.03966018557548523,"w":0.7624965906143189},"size":12.815488815307618,"orthographic":true}