{"cameraMode":{"drawMode":0,"name":"Shaded","section":"Shading Mode"},"sceneLighting":true,"audioPlay":false,"sceneViewState":{"showFog":true,"showMaterialUpdate":false,"showSkybox":true,"showFlares":true,"showImageEffects":true,"showParticleSystems":true},"in2DMode":false,"pivot":{"x":7.498082637786865,"y":0.7116811871528626,"z":-0.9780771732330322},"rotation":{"x":-0.06195628270506859,"y":0.5608363151550293,"z":-0.042140893638134,"w":-0.8245291113853455},"size":4.4744977951049809,"orthographic":true}