{"cameraMode":{"drawMode":0,"name":"Shaded","section":"Shading Mode"},"sceneLighting":true,"audioPlay":false,"sceneViewState":{"showFog":true,"showMaterialUpdate":false,"showSkybox":true,"showFlares":true,"showImageEffects":true,"showParticleSystems":true},"in2DMode":false,"pivot":{"x":-2.5338134765625,"y":0.442108154296875,"z":-4.45068359375},"rotation":{"x":0.004768430721014738,"y":0.993537962436676,"z":-0.04563387855887413,"w":0.10381319373846054},"size":5.2072577476501469,"orthographic":true}